Diagnosis,LOS (days),Frequency
A,0,53
A,1,85
A,2,54
A,3,71
A,4,68
A,5,62
A,6,59
A,7,72
A,8,73
A,9,75
A,10,87
A,11,82
A,12,50
A,13,78
A,14,90
A,15,98
A,16,54
A,17,44
A,18,44
A,19,49
A,20,40
A,21,67
A,22,41
A,23,36
A,24,64
A,25,22
A,26,27
A,27,22
A,28,39
A,29,30
A,30,32
A,31,34
A,32,21
A,33,18
A,34,19
A,35,37
A,36,16
A,37,31
A,38,37
A,39,23
A,40,36
A,41,21
A,42,23
A,43,35
A,44,8
A,45,22
A,46,33
A,47,15
A,48,19
A,49,15
A,50,15
A,51,10
A,52,7
A,53,11
A,54,13
A,55,11
A,56,20
A,57,18
A,58,6
A,59,37
A,60,6
A,61,16
A,62,2
A,63,8
A,64,3
A,66,11
A,67,4
A,68,8
A,70,4
A,71,5
A,72,5
A,73,7
A,74,1
A,75,11
A,76,11
A,77,14
A,78,5
A,79,9
A,81,14
A,82,2
A,84,8
A,85,4
A,87,31
A,88,7
A,89,4
A,91,4
A,94,2
A,96,6
A,97,5
A,100,2
A,102,4
A,107,2
A,109,12
A,110,5
A,111,2
A,114,8
A,117,6
A,118,4
A,119,6
A,120,2
A,121,1
A,122,1
A,123,1
A,124,5
A,125,2
A,128,1
A,133,1
A,138,1
A,139,6
A,140,2
A,141,14
A,146,1
A,147,5
A,148,4
A,150,1
A,151,1
A,152,1
A,159,2
A,163,1
A,166,4
A,172,1
A,174,4
A,180,2
A,181,3
A,184,4
A,186,12
A,191,2
A,192,4
A,193,4
A,209,4
A,214,2
A,215,4
A,231,2
A,232,2
A,245,2
A,261,6
A,262,6
B,0,63
B,1,209
B,2,126
B,3,199
B,4,142
B,5,140
B,6,133
B,7,190
B,8,154
B,9,115
B,10,128
B,11,94
B,12,99
B,13,141
B,14,117
B,15,128
B,16,125
B,17,119
B,18,98
B,19,57
B,20,121
B,21,112
B,22,128
B,23,61
B,24,53
B,25,79
B,26,73
B,27,79
B,28,111
B,29,89
B,30,81
B,31,86
B,32,33
B,33,30
B,34,31
B,35,53
B,36,55
B,37,60
B,38,64
B,39,25
B,40,25
B,41,44
B,42,44
B,43,32
B,44,22
B,45,54
B,46,46
B,47,37
B,48,10
B,49,23
B,50,38
B,51,23
B,52,33
B,53,36
B,54,34
B,55,23
B,56,25
B,57,17
B,58,31
B,59,34
B,60,17
B,61,33
B,62,13
B,63,16
B,64,7
B,65,9
B,66,8
B,67,5
B,68,9
B,69,13
B,70,3
B,71,24
B,72,6
B,73,1
B,74,5
B,75,8
B,76,13
B,77,14
B,78,13
B,79,13
B,80,12
B,81,16
B,82,4
B,84,20
B,85,19
B,86,1
B,87,18
B,88,10
B,89,17
B,91,1
B,92,2
B,94,1
B,95,2
B,96,2
B,97,1
B,98,1
B,99,1
B,102,15
B,105,3
B,106,4
B,107,4
B,109,6
B,111,4
B,117,4
B,118,6
B,119,12
B,120,4
B,123,3
B,124,5
B,125,4
B,127,1
B,129,2
B,130,1
B,131,4
B,132,1
B,133,2
B,135,4
B,137,2
B,138,6
B,139,6
B,140,8
B,141,26
B,142,4
B,143,2
B,146,3
B,147,19
B,148,2
B,150,5
B,152,3
B,154,2
B,155,14
B,156,6
B,159,6
B,166,4
B,171,1
B,174,4
B,184,4
B,186,12
B,191,1
B,205,8
B,211,16
B,212,4
B,213,21
B,214,1
B,215,2
B,219,12
B,224,3
B,231,1
B,232,1
B,245,1
B,261,3
B,262,3
C,0,211
C,1,898
C,2,514
C,3,540
C,4,494
C,5,512
C,6,336
C,7,414
C,8,316
C,9,271
C,10,239
C,11,396
C,12,179
C,13,194
C,14,234
C,15,251
C,16,287
C,17,211
C,18,164
C,19,130
C,20,123
C,21,115
C,22,68
C,23,74
C,24,88
C,25,94
C,26,96
C,27,52
C,28,134
C,29,68
C,30,57
C,31,64
C,32,40
C,33,58
C,34,37
C,35,79
C,36,78
C,37,52
C,38,55
C,39,40
C,40,29
C,41,16
C,42,22
C,43,63
C,44,26
C,45,23
C,46,57
C,47,16
C,48,20
C,49,13
C,50,79
C,51,5
C,52,1
C,53,52
C,54,14
C,55,11
C,56,29
C,57,7
C,58,11
C,59,23
C,61,26
C,62,2
C,63,18
C,66,4
C,67,2
C,68,5
C,69,18
C,70,3
C,71,7
C,72,11
C,75,24
C,76,5
C,78,6
C,79,6
C,81,23
C,83,2
C,87,22
C,88,8
C,89,8
C,91,3
C,95,8
C,96,8
C,97,9
C,98,26
C,102,8
C,104,6
C,109,12
C,110,3
C,117,16
C,129,8
C,133,2
C,135,16
C,138,16
C,143,8
C,156,24
C,166,6
C,174,6
C,184,6
C,186,18
D,0,1299
D,1,8346
D,2,4084
D,3,3882
D,4,2675
D,5,1526
D,6,1317
D,7,1381
D,8,1280
D,9,771
D,10,780
D,11,712
D,12,605
D,13,637
D,14,762
D,15,703
D,16,511
D,17,492
D,18,563
D,19,381
D,20,392
D,21,537
D,22,318
D,23,297
D,24,275
D,25,278
D,26,224
D,27,306
D,28,344
D,29,313
D,30,255
D,31,222
D,32,216
D,33,119
D,34,151
D,35,265
D,36,148
D,37,139
D,38,188
D,39,147
D,40,131
D,41,146
D,42,180
D,43,181
D,44,78
D,45,183
D,46,123
D,47,95
D,48,93
D,49,59
D,50,92
D,51,65
D,52,74
D,53,115
D,54,60
D,55,59
D,56,63
D,57,60
D,58,46
D,59,68
D,60,54
D,61,46
D,62,26
D,63,39
D,64,36
D,65,24
D,66,15
D,67,27
D,68,30
D,69,20
D,70,31
D,71,40
D,72,35
D,73,14
D,74,38
D,75,39
D,76,20
D,77,18
D,78,36
D,79,41
D,80,25
D,81,52
D,82,6
D,83,13
D,84,40
D,85,29
D,86,4
D,87,75
D,88,11
D,89,29
D,90,3
D,91,10
D,92,7
D,93,2
D,94,6
D,95,4
D,96,10
D,97,11
D,98,23
D,99,4
D,100,13
D,101,8
D,102,19
D,103,2
D,104,7
D,105,6
D,106,6
D,107,13
D,108,2
D,109,26
D,110,6
D,111,7
D,112,1
D,113,9
D,114,13
D,115,18
D,117,14
D,118,24
D,119,20
D,120,7
D,121,3
D,122,3
D,123,5
D,124,45
D,125,6
D,127,2
D,128,7
D,129,12
D,130,2
D,131,2
D,132,7
D,133,8
D,134,13
D,135,6
D,136,11
D,137,4
D,138,18
D,139,54
D,140,22
D,141,102
D,142,12
D,143,3
D,146,5
D,147,35
D,148,8
D,150,14
D,151,2
D,152,5
D,154,4
D,155,28
D,156,14
D,159,10
D,163,2
D,166,4
D,171,2
D,172,2
D,174,4
D,180,4
D,181,6
D,182,5
D,183,5
D,184,4
D,186,16
D,187,4
D,188,5
D,191,16
D,192,4
D,193,4
D,194,4
D,197,3
D,198,4
D,204,15
D,205,8
D,209,4
D,211,22
D,212,4
D,213,22
D,214,6
D,215,15
D,219,12
D,224,6
D,231,6
D,232,6
D,245,6
D,261,18
D,262,18
E,0,1035
E,1,5559
E,2,2551
E,3,2271
E,4,1861
E,5,1310
E,6,1350
E,7,1524
E,8,1282
E,9,817
E,10,938
E,11,741
E,12,593
E,13,822
E,14,813
E,15,782
E,16,665
E,17,525
E,18,519
E,19,408
E,20,395
E,21,456
E,22,344
E,23,305
E,24,334
E,25,273
E,26,232
E,27,280
E,28,429
E,29,358
E,30,234
E,31,202
E,32,205
E,33,170
E,34,147
E,35,298
E,36,144
E,37,161
E,38,179
E,39,149
E,40,128
E,41,112
E,42,182
E,43,105
E,44,59
E,45,133
E,46,135
E,47,98
E,48,110
E,49,46
E,50,114
E,51,52
E,52,64
E,53,102
E,54,48
E,55,67
E,56,49
E,57,56
E,58,40
E,59,57
E,60,47
E,61,55
E,62,48
E,63,63
E,64,32
E,65,21
E,66,15
E,67,30
E,68,48
E,69,37
E,70,25
E,71,68
E,72,32
E,73,10
E,74,65
E,75,25
E,76,28
E,77,42
E,78,35
E,79,33
E,80,28
E,81,37
E,82,9
E,83,7
E,84,38
E,85,32
E,86,3
E,87,35
E,88,6
E,89,20
E,90,2
E,91,6
E,92,6
E,94,4
E,95,2
E,96,5
E,97,9
E,98,35
E,99,6
E,100,6
E,101,6
E,102,20
E,104,10
E,105,5
E,106,6
E,107,6
E,108,4
E,109,12
E,110,1
E,111,1
E,113,7
E,114,4
E,115,21
E,117,4
E,118,21
E,119,7
E,120,1
E,121,1
E,122,1
E,123,6
E,124,50
E,125,1
E,127,4
E,128,3
E,129,8
E,130,4
E,131,4
E,132,5
E,133,9
E,134,21
E,135,4
E,136,9
E,137,9
E,138,15
E,139,60
E,140,34
E,141,116
E,142,4
E,143,2
E,146,6
E,147,44
E,148,18
E,150,15
E,151,1
E,152,6
E,154,9
E,155,28
E,156,6
E,159,12
E,163,1
E,166,2
E,171,5
E,172,1
E,174,2
E,180,2
E,181,3
E,182,5
E,183,5
E,184,2
E,186,15
E,187,9
E,191,2
E,192,14
E,193,14
E,194,9
E,197,4
E,198,9
E,205,10
E,209,14
E,211,28
E,212,5
E,213,30
E,214,2
E,215,8
E,219,15
E,224,15
E,231,2
E,232,2
E,245,2
E,261,6
E,262,6
F,0,343
F,1,1549
F,2,775
F,3,829
F,4,629
F,5,412
F,6,384
F,7,425
F,8,381
F,9,265
F,10,234
F,11,231
F,12,178
F,13,213
F,14,281
F,15,208
F,16,153
F,17,193
F,18,143
F,19,121
F,20,135
F,21,150
F,22,101
F,23,127
F,24,166
F,25,97
F,26,79
F,27,88
F,28,132
F,29,118
F,30,74
F,31,53
F,32,74
F,33,52
F,34,43
F,35,88
F,36,50
F,37,46
F,38,49
F,39,45
F,40,59
F,41,40
F,42,44
F,43,83
F,44,38
F,45,54
F,46,26
F,47,30
F,48,29
F,49,6
F,50,40
F,51,18
F,52,12
F,53,20
F,54,17
F,55,21
F,56,22
F,57,16
F,58,6
F,59,17
F,60,15
F,61,16
F,62,2
F,63,9
F,64,11
F,65,3
F,66,6
F,67,5
F,68,16
F,69,5
F,70,7
F,71,6
F,72,11
F,73,5
F,74,6
F,75,14
F,76,4
F,78,6
F,79,7
F,80,4
F,81,15
F,82,2
F,83,2
F,84,19
F,85,18
F,86,1
F,87,22
F,88,8
F,89,7
F,91,7
F,92,2
F,93,3
F,94,1
F,96,6
F,97,4
F,98,17
F,99,8
F,100,2
F,101,1
F,102,7
F,104,3
F,105,3
F,106,2
F,107,4
F,108,1
F,109,9
F,110,1
F,111,2
F,115,2
F,117,8
F,118,4
F,119,7
F,120,2
F,121,1
F,122,1
F,123,1
F,124,5
F,125,2
F,127,2
F,128,1
F,130,2
F,131,2
F,132,1
F,133,1
F,137,1
F,138,2
F,139,6
F,140,4
F,141,14
F,142,4
F,146,1
F,147,7
F,148,4
F,150,2
F,152,1
F,154,1
F,155,7
F,156,1
F,159,2
F,166,1
F,174,1
F,184,1
F,186,6
F,187,3
F,188,1
F,191,4
F,192,3
F,193,3
F,194,3
F,198,3
F,204,3
F,205,2
F,209,3
F,211,4
F,212,1
F,213,5
F,214,2
F,215,4
F,219,3
F,231,2
F,232,2
F,245,2
F,261,6
F,262,6
G,0,144
G,1,1716
G,2,336
G,3,356
G,4,264
G,5,189
G,6,190
G,7,255
G,8,197
G,9,141
G,10,131
G,11,168
G,12,83
G,13,112
G,14,185
G,15,146
G,16,124
G,17,107
G,18,86
G,19,86
G,20,99
G,21,61
G,22,88
G,23,73
G,24,76
G,25,82
G,26,55
G,27,76
G,28,75
G,29,52
G,30,47
G,31,39
G,32,71
G,33,82
G,34,49
G,35,41
G,36,37
G,37,44
G,38,51
G,39,26
G,40,69
G,41,9
G,42,29
G,43,43
G,44,25
G,45,61
G,46,54
G,47,39
G,48,40
G,49,23
G,50,45
G,51,21
G,52,16
G,53,16
G,54,12
G,55,19
G,56,32
G,57,24
G,58,16
G,59,16
G,60,18
G,61,30
G,62,3
G,63,15
G,64,6
G,65,3
G,66,8
G,67,4
G,68,4
G,69,8
G,70,21
G,71,5
G,72,12
G,73,5
G,74,9
G,75,13
G,76,17
G,77,18
G,78,6
G,79,4
G,80,1
G,81,24
G,82,7
G,83,1
G,84,21
G,85,9
G,86,1
G,87,19
G,88,7
G,89,6
G,90,1
G,91,4
G,92,2
G,96,3
G,97,2
G,98,4
G,99,3
G,100,2
G,101,1
G,102,5
G,104,1
G,105,1
G,107,5
G,109,16
G,110,2
G,111,1
G,113,6
G,115,14
G,117,6
G,118,5
G,119,3
G,120,2
G,121,1
G,122,1
G,123,1
G,124,10
G,125,1
G,127,1
G,128,3
G,129,3
G,130,1
G,132,6
G,133,2
G,136,2
G,138,2
G,139,12
G,140,3
G,141,22
G,146,1
G,147,12
G,148,8
G,150,7
G,152,1
G,155,42
G,156,3
G,159,2
G,166,5
G,171,1
G,174,5
G,184,5
G,186,15
G,188,3
G,191,10
G,192,2
G,193,2
G,197,1
G,204,9
G,209,2
G,211,2
G,213,1
G,214,4
G,215,9
G,224,3
G,231,4
G,232,4
G,245,4
G,261,12
G,262,12
H,0,29
H,1,170
H,2,68
H,3,26
H,4,42
H,5,28
H,6,33
H,7,34
H,8,32
H,9,9
H,10,20
H,11,14
H,12,7
H,13,22
H,14,17
H,15,18
H,16,25
H,17,15
H,18,21
H,19,16
H,20,12
H,21,22
H,22,17
H,23,18
H,24,8
H,25,11
H,26,20
H,27,16
H,28,10
H,29,12
H,30,14
H,31,7
H,34,5
H,35,9
H,36,9
H,37,10
H,38,9
H,39,5
H,40,12
H,42,3
H,43,4
H,44,3
H,45,4
H,46,1
H,47,6
H,48,1
H,50,3
H,51,5
H,52,4
H,53,5
H,54,6
H,56,3
H,57,2
H,59,3
H,60,6
H,61,5
H,63,9
H,65,1
H,70,3
H,71,2
H,72,3
H,73,3
H,76,2
H,77,4
H,78,1
H,79,1
H,81,3
H,84,2
H,85,1
H,89,5
H,94,1
H,96,1
H,97,1
H,99,1
H,100,1
H,102,1
H,105,1
H,110,1
H,113,1
H,114,4
H,115,1
H,127,1
H,128,2
H,130,1
H,134,2
H,136,2
H,137,2
H,140,4
H,147,3
H,150,2
H,154,2
H,182,2
H,183,2
I,0,940
I,1,6254
I,2,2233
I,3,1939
I,4,1663
I,5,1234
I,6,1067
I,7,1438
I,8,1359
I,9,872
I,10,851
I,11,646
I,12,541
I,13,703
I,14,835
I,15,624
I,16,530
I,17,388
I,18,536
I,19,393
I,20,348
I,21,529
I,22,307
I,23,275
I,24,225
I,25,297
I,26,181
I,27,321
I,28,283
I,29,269
I,30,188
I,31,201
I,32,346
I,33,168
I,34,156
I,35,276
I,36,131
I,37,136
I,38,168
I,39,169
I,40,81
I,41,182
I,42,180
I,43,208
I,44,110
I,45,264
I,46,67
I,47,97
I,48,97
I,49,37
I,50,102
I,51,105
I,52,102
I,53,131
I,54,40
I,55,114
I,56,50
I,57,78
I,58,71
I,59,51
I,60,77
I,61,61
I,62,62
I,63,60
I,64,40
I,65,21
I,66,14
I,67,28
I,68,62
I,69,10
I,70,26
I,71,27
I,72,40
I,73,3
I,74,60
I,75,19
I,76,26
I,77,13
I,78,42
I,79,46
I,80,56
I,81,54
I,82,17
I,83,4
I,84,27
I,85,32
I,86,5
I,87,25
I,89,58
I,90,2
I,91,10
I,92,4
I,93,1
I,94,5
I,96,3
I,97,9
I,98,22
I,99,6
I,100,11
I,101,6
I,102,16
I,104,5
I,105,3
I,106,2
I,107,11
I,108,4
I,109,40
I,110,6
I,111,2
I,113,4
I,114,10
I,115,21
I,118,18
I,119,10
I,120,6
I,121,6
I,122,6
I,123,11
I,124,40
I,125,2
I,127,3
I,128,10
I,129,6
I,130,3
I,131,4
I,132,21
I,133,18
I,134,27
I,136,7
I,137,6
I,138,11
I,139,48
I,140,31
I,141,130
I,142,12
I,146,11
I,147,71
I,148,15
I,150,22
I,152,11
I,154,6
I,155,56
I,156,6
I,159,22
I,166,1
I,171,5
I,174,1
I,182,3
I,183,3
I,184,1
I,186,11
I,187,8
I,188,6
I,191,14
I,192,7
I,193,7
I,194,8
I,197,8
I,198,8
I,204,18
I,205,4
I,209,7
I,211,24
I,212,2
I,213,15
I,214,2
I,215,12
I,219,6
I,224,15
I,231,2
I,232,2
I,245,2
I,261,6
I,262,6
J,0,300
J,1,1567
J,2,815
J,3,509
J,4,485
J,5,476
J,6,385
J,7,480
J,8,510
J,9,313
J,10,373
J,11,305
J,12,313
J,13,399
J,14,455
J,15,317
J,16,282
J,17,238
J,18,238
J,19,245
J,20,212
J,21,266
J,22,173
J,23,124
J,24,222
J,25,152
J,26,110
J,27,167
J,28,170
J,29,143
J,30,94
J,31,116
J,32,167
J,33,104
J,34,110
J,35,131
J,36,66
J,37,134
J,38,168
J,39,83
J,40,111
J,41,61
J,42,96
J,43,83
J,44,38
J,45,98
J,46,78
J,47,52
J,48,40
J,49,32
J,50,56
J,51,31
J,52,40
J,53,19
J,54,58
J,55,32
J,56,26
J,57,29
J,58,35
J,59,45
J,60,18
J,61,47
J,62,18
J,63,14
J,64,12
J,65,3
J,66,18
J,67,17
J,68,22
J,70,19
J,71,4
J,72,26
J,73,1
J,74,28
J,75,26
J,76,29
J,77,30
J,78,18
J,79,21
J,80,4
J,81,49
J,82,6
J,83,5
J,84,29
J,85,12
J,87,34
J,88,29
J,89,18
J,91,10
J,92,2
J,93,2
J,95,3
J,96,5
J,97,8
J,98,7
J,99,2
J,102,18
J,105,1
J,106,2
J,107,5
J,109,40
J,110,8
J,111,4
J,113,3
J,115,3
J,117,10
J,118,8
J,119,12
J,120,4
J,121,1
J,122,1
J,123,6
J,124,10
J,125,4
J,127,1
J,128,1
J,129,3
J,130,1
J,133,1
J,134,2
J,135,6
J,136,2
J,137,1
J,138,8
J,139,12
J,140,10
J,141,52
J,143,3
J,146,6
J,147,39
J,148,15
J,150,16
J,151,2
J,152,6
J,154,1
J,155,56
J,156,12
J,159,12
J,163,2
J,166,4
J,172,2
J,174,4
J,180,4
J,181,6
J,182,2
J,183,2
J,184,4
J,186,16
J,187,4
J,188,3
J,191,7
J,192,7
J,193,7
J,194,4
J,198,4
J,204,9
J,205,2
J,209,7
J,211,4
J,212,1
J,213,5
J,214,1
J,215,2
J,219,3
J,231,1
J,232,1
J,245,1
J,261,3
J,262,3
K,0,910
K,1,2576
K,2,1162
K,3,1044
K,4,936
K,5,616
K,6,715
K,7,707
K,8,689
K,9,434
K,10,430
K,11,361
K,12,403
K,13,351
K,14,410
K,15,473
K,16,342
K,17,325
K,18,274
K,19,220
K,20,212
K,21,262
K,22,176
K,23,190
K,24,188
K,25,158
K,26,163
K,27,153
K,28,223
K,29,244
K,30,139
K,31,122
K,32,86
K,33,90
K,34,83
K,35,211
K,36,94
K,37,87
K,38,109
K,39,83
K,40,124
K,41,89
K,42,90
K,43,112
K,44,48
K,45,48
K,46,119
K,47,103
K,48,113
K,49,32
K,50,52
K,51,32
K,52,33
K,53,59
K,54,32
K,55,26
K,56,31
K,57,18
K,58,21
K,59,52
K,60,14
K,61,20
K,62,19
K,63,23
K,64,15
K,65,41
K,66,28
K,67,15
K,68,34
K,69,18
K,70,29
K,71,47
K,72,22
K,73,11
K,74,28
K,75,9
K,76,3
K,77,12
K,78,20
K,79,38
K,80,22
K,81,29
K,82,5
K,83,4
K,84,21
K,85,19
K,86,2
K,87,61
K,88,5
K,89,6
K,91,3
K,92,2
K,93,2
K,94,4
K,96,9
K,97,5
K,98,6
K,99,1
K,100,8
K,102,1
K,105,2
K,106,2
K,107,3
K,109,9
K,110,5
K,111,2
K,113,1
K,114,16
K,115,1
K,117,2
K,118,12
K,119,6
K,120,2
K,124,25
K,125,2
K,132,3
K,133,2
K,137,2
K,138,8
K,139,30
K,140,9
K,141,40
K,142,12
K,147,3
K,148,2
K,150,1
K,154,2
K,155,7
K,156,1
K,166,3
K,171,2
K,174,3
K,184,3
K,186,9
K,188,1
K,191,3
K,192,1
K,193,1
K,197,2
K,204,3
K,209,1
K,211,4
K,213,2
K,214,1
K,215,4
K,224,6
K,231,1
K,232,1
K,245,1
K,261,3
K,262,3
L,0,26
L,1,187
L,2,108
L,3,155
L,4,127
L,5,87
L,6,108
L,7,119
L,8,72
L,9,64
L,10,71
L,11,52
L,12,25
L,13,81
L,14,59
L,15,81
L,16,49
L,17,68
L,18,59
L,19,61
L,20,57
L,21,66
L,22,39
L,23,49
L,24,34
L,25,27
L,26,49
L,27,41
L,28,55
L,29,43
L,30,30
L,31,34
L,32,43
L,33,18
L,34,15
L,35,37
L,36,25
L,37,31
L,38,38
L,39,29
L,40,23
L,41,23
L,42,15
L,43,33
L,44,12
L,45,41
L,46,24
L,47,37
L,48,12
L,49,13
L,50,19
L,51,40
L,52,25
L,53,26
L,54,18
L,55,36
L,56,8
L,57,12
L,58,16
L,59,28
L,60,24
L,61,8
L,62,24
L,63,18
L,64,5
L,65,2
L,66,11
L,68,7
L,69,16
L,70,3
L,71,29
L,72,4
L,73,9
L,74,3
L,75,4
L,76,2
L,77,4
L,78,8
L,79,4
L,81,6
L,82,5
L,83,1
L,84,7
L,85,8
L,86,1
L,87,21
L,88,1
L,89,3
L,91,6
L,93,3
L,95,1
L,96,3
L,97,1
L,98,3
L,99,4
L,100,2
L,102,5
L,105,3
L,107,2
L,109,6
L,110,1
L,111,1
L,114,2
L,117,2
L,118,1
L,119,3
L,120,1
L,121,1
L,122,1
L,123,1
L,125,1
L,127,3
L,128,1
L,129,1
L,130,3
L,131,6
L,132,2
L,133,3
L,134,8
L,135,2
L,137,3
L,138,4
L,140,7
L,141,6
L,142,8
L,143,1
L,146,1
L,147,10
L,148,5
L,150,3
L,152,1
L,154,3
L,155,14
L,156,3
L,159,2
L,166,1
L,174,1
L,184,1
L,186,5
L,187,2
L,192,3
L,193,3
L,194,2
L,198,2
L,205,2
L,209,3
L,211,4
L,212,1
L,213,5
L,219,3
M,0,108
M,1,710
M,2,761
M,3,791
M,4,617
M,5,348
M,6,322
M,7,233
M,8,137
M,9,109
M,10,138
M,11,119
M,12,99
M,13,99
M,14,108
M,15,112
M,16,102
M,17,100
M,18,99
M,19,84
M,20,56
M,21,96
M,22,90
M,23,59
M,24,57
M,25,77
M,26,38
M,27,53
M,28,74
M,29,103
M,30,62
M,31,32
M,32,44
M,33,28
M,34,36
M,35,43
M,36,41
M,37,52
M,38,29
M,39,28
M,40,30
M,41,15
M,42,25
M,43,32
M,44,21
M,45,24
M,46,15
M,47,25
M,48,18
M,49,4
M,50,21
M,51,14
M,52,8
M,53,21
M,54,8
M,55,23
M,56,21
M,57,16
M,58,3
M,59,15
M,60,19
M,61,13
M,62,8
M,63,5
M,64,6
M,66,6
M,67,4
M,68,30
M,69,11
M,70,9
M,71,7
M,72,1
M,73,4
M,74,12
M,75,4
M,76,3
M,77,2
M,78,5
M,79,1
M,81,4
M,82,3
M,83,4
M,84,16
M,85,7
M,87,11
M,89,2
M,90,3
M,91,2
M,93,3
M,96,1
M,98,3
M,101,3
M,102,2
M,104,3
M,105,2
M,107,9
M,109,1
M,111,2
M,113,3
M,114,1
M,118,6
M,119,6
M,120,2
M,124,10
M,125,2
M,129,9
M,131,2
M,132,1
M,133,1
M,134,4
M,136,6
M,137,3
M,138,3
M,139,12
M,140,8
M,141,16
M,142,4
M,147,4
M,148,1
M,150,1
M,154,3
M,155,7
M,156,1
M,166,1
M,174,1
M,184,1
M,186,5
M,187,2
M,188,1
M,191,4
M,194,2
M,198,2
M,204,3
M,214,2
M,215,4
M,231,2
M,232,2
M,245,2
M,261,6
M,262,6
N,0,207
N,1,1323
N,2,1021
N,3,480
N,4,397
N,5,281
N,6,312
N,7,345
N,8,331
N,9,199
N,10,263
N,11,193
N,12,147
N,13,248
N,14,249
N,15,219
N,16,183
N,17,139
N,18,188
N,19,142
N,20,138
N,21,166
N,22,115
N,23,95
N,24,94
N,25,52
N,26,45
N,27,90
N,28,150
N,29,127
N,30,73
N,31,77
N,32,55
N,33,49
N,34,51
N,35,127
N,36,46
N,37,47
N,38,52
N,39,35
N,40,39
N,41,48
N,42,69
N,43,46
N,44,39
N,45,49
N,46,45
N,47,31
N,48,45
N,49,40
N,50,32
N,51,28
N,52,21
N,53,66
N,54,22
N,55,18
N,56,15
N,57,12
N,58,13
N,59,22
N,60,35
N,61,22
N,62,15
N,63,16
N,64,7
N,65,11
N,66,21
N,67,7
N,68,28
N,69,8
N,70,7
N,71,15
N,72,8
N,73,4
N,74,12
N,75,8
N,76,16
N,77,20
N,78,5
N,79,20
N,80,12
N,81,18
N,82,5
N,83,1
N,84,12
N,85,1
N,86,1
N,87,18
N,88,1
N,89,6
N,90,1
N,91,3
N,95,1
N,96,1
N,97,2
N,98,4
N,99,1
N,100,2
N,101,1
N,102,6
N,104,2
N,106,2
N,107,2
N,109,7
N,110,1
N,113,1
N,115,1
N,117,2
N,118,4
N,121,1
N,122,1
N,123,5
N,124,10
N,128,1
N,129,4
N,131,2
N,132,4
N,133,2
N,135,2
N,136,2
N,137,2
N,138,6
N,139,12
N,140,11
N,141,46
N,142,8
N,143,1
N,146,5
N,147,28
N,148,3
N,150,6
N,152,5
N,154,2
N,155,7
N,156,3
N,159,10
N,166,1
N,171,2
N,174,1
N,184,1
N,186,3
N,191,1
N,192,2
N,193,2
N,209,2
N,213,2
N,214,1
N,215,2
N,224,6
N,231,1
N,232,1
N,245,1
N,261,3
N,262,3
O,0,64
O,1,167
O,2,1324
O,3,3039
O,4,1543
O,5,488
O,6,281
O,7,109
O,8,64
O,9,23
O,10,5
O,11,16
O,12,50
O,13,20
O,15,10
O,16,8
O,17,10
O,18,10
O,20,2
O,26,10
P,0,8
P,1,75
P,2,25
P,3,56
P,4,72
P,5,64
P,6,112
P,7,20
P,8,3
P,9,18
P,10,71
P,11,34
P,12,4
P,13,7
P,14,39
P,15,38
P,16,55
P,17,68
P,18,47
P,19,196
P,20,129
P,21,35
P,22,41
P,23,61
P,24,43
P,25,8
P,26,16
P,27,30
P,28,48
P,29,18
P,30,56
P,31,32
P,32,68
P,33,71
P,34,52
P,35,45
P,36,26
P,37,42
P,39,6
P,40,28
P,41,44
P,42,16
P,43,52
P,44,29
P,45,38
P,46,70
P,47,39
P,48,8
P,49,6
P,50,13
P,51,5
P,52,52
P,54,36
P,55,14
P,61,8
P,62,24
P,63,30
P,64,47
P,65,52
P,73,24
P,77,10
P,79,10
P,80,12
P,81,18
P,85,10
P,86,20
P,87,14
P,89,14
P,92,40
P,93,14
P,94,33
P,95,12
P,96,10
P,97,19
P,98,9
P,100,78
P,101,42
P,102,27
P,103,28
P,110,10
P,111,3
P,112,11
P,113,22
P,114,73
P,115,12
Q,0,6
Q,1,116
Q,2,64
Q,3,53
Q,4,45
Q,5,22
Q,6,17
Q,7,21
Q,8,10
Q,9,18
Q,10,29
Q,11,17
Q,12,13
Q,13,9
Q,14,11
Q,15,18
Q,16,11
Q,17,19
Q,18,20
Q,19,8
Q,20,11
Q,21,12
Q,22,32
Q,23,16
Q,24,9
Q,25,2
Q,26,5
Q,27,6
Q,28,10
Q,29,8
Q,30,7
Q,31,5
Q,32,6
Q,33,5
Q,35,1
Q,36,3
Q,37,3
Q,38,1
Q,39,3
Q,44,1
Q,45,7
Q,47,2
Q,49,1
Q,50,2
Q,51,1
Q,52,10
Q,54,3
Q,55,3
Q,63,2
Q,64,2
Q,65,2
Q,68,4
Q,80,2
Q,81,3
Q,86,2
Q,87,1
Q,89,1
Q,92,2
Q,93,1
Q,94,3
Q,97,2
Q,98,2
Q,100,3
Q,101,3
Q,102,6
Q,103,2
Q,111,1
Q,115,4
Q,171,1
Q,213,1
Q,224,3
R,0,411
R,1,1203
R,2,575
R,3,605
R,4,554
R,5,405
R,6,465
R,7,562
R,8,544
R,9,346
R,10,332
R,11,382
R,12,245
R,13,407
R,14,465
R,15,320
R,16,333
R,17,259
R,18,293
R,19,251
R,20,234
R,21,263
R,22,177
R,23,159
R,24,218
R,25,179
R,26,92
R,27,148
R,28,203
R,29,186
R,30,139
R,31,112
R,32,151
R,33,128
R,34,82
R,35,188
R,36,97
R,37,71
R,38,103
R,39,103
R,40,88
R,41,66
R,42,92
R,43,96
R,44,53
R,45,84
R,46,66
R,47,77
R,48,55
R,49,25
R,50,65
R,51,29
R,52,39
R,53,64
R,54,17
R,55,37
R,56,27
R,57,39
R,58,28
R,59,23
R,60,18
R,61,23
R,62,29
R,63,25
R,64,9
R,65,11
R,66,5
R,67,10
R,68,40
R,69,11
R,70,21
R,71,28
R,72,33
R,73,11
R,74,28
R,75,16
R,76,14
R,77,13
R,78,15
R,79,26
R,80,19
R,81,20
R,82,3
R,83,5
R,84,26
R,85,13
R,86,3
R,87,44
R,88,2
R,89,11
R,91,5
R,92,4
R,93,1
R,94,5
R,95,3
R,96,5
R,97,7
R,98,11
R,99,2
R,100,15
R,101,1
R,102,13
R,104,1
R,105,2
R,106,6
R,107,4
R,108,1
R,109,16
R,110,5
R,111,2
R,113,3
R,114,12
R,115,7
R,117,4
R,118,8
R,119,7
R,120,3
R,121,2
R,122,2
R,123,3
R,124,15
R,125,2
R,127,1
R,128,2
R,129,1
R,130,1
R,131,4
R,132,4
R,133,2
R,135,2
R,137,4
R,138,5
R,139,18
R,140,14
R,141,42
R,143,1
R,146,3
R,147,21
R,148,7
R,150,5
R,151,3
R,152,3
R,154,4
R,155,14
R,156,7
R,159,6
R,163,3
R,166,2
R,171,1
R,172,3
R,174,2
R,180,6
R,181,9
R,184,2
R,186,9
R,187,3
R,188,4
R,191,9
R,192,5
R,193,5
R,194,3
R,197,3
R,198,3
R,204,12
R,205,2
R,209,5
R,211,10
R,212,1
R,213,6
R,214,1
R,215,5
R,219,3
R,224,3
R,231,1
R,232,1
R,245,1
R,261,3
R,262,3
S,0,104
S,1,946
S,2,237
S,3,283
S,4,190
S,5,91
S,6,112
S,7,127
S,8,187
S,9,70
S,10,129
S,11,51
S,12,69
S,13,42
S,14,47
S,15,62
S,16,48
S,17,90
S,18,52
S,19,37
S,20,50
S,21,57
S,22,19
S,23,29
S,24,29
S,25,66
S,26,9
S,27,52
S,28,35
S,29,33
S,30,23
S,31,26
S,32,19
S,33,17
S,34,29
S,35,55
S,36,16
S,37,13
S,38,16
S,39,3
S,40,11
S,41,13
S,42,12
S,43,21
S,44,2
S,45,15
S,46,9
S,47,7
S,48,4
S,49,3
S,50,7
S,51,2
S,52,8
S,53,7
S,54,4
S,55,9
S,56,8
S,57,9
S,58,4
S,59,8
S,60,3
S,61,2
S,62,2
S,64,5
S,70,2
S,71,3
S,72,3
S,74,1
S,75,1
S,76,1
S,79,3
S,81,3
S,83,2
S,84,4
S,85,1
S,87,4
S,91,1
S,107,1
S,111,1
S,118,1
S,119,3
S,120,1
S,125,1
S,134,1
S,136,1
S,150,1
S,151,13
S,163,13
S,166,1
S,172,13
S,174,1
S,180,26
S,181,39
S,182,1
S,183,1
S,184,1
S,186,3
T,0,164
T,1,552
T,2,229
T,3,289
T,4,287
T,5,203
T,6,191
T,7,253
T,8,272
T,9,213
T,10,204
T,11,211
T,12,107
T,13,229
T,14,158
T,15,248
T,16,219
T,17,187
T,18,223
T,19,173
T,20,115
T,21,244
T,22,278
T,23,81
T,24,67
T,25,112
T,26,113
T,27,102
T,28,154
T,29,175
T,30,226
T,31,119
T,32,62
T,33,71
T,34,57
T,35,71
T,36,62
T,37,104
T,38,85
T,39,87
T,40,113
T,41,56
T,42,81
T,43,70
T,44,44
T,45,94
T,46,103
T,47,62
T,48,40
T,49,17
T,50,44
T,51,33
T,52,34
T,53,84
T,54,41
T,55,30
T,56,32
T,57,22
T,58,38
T,59,71
T,60,32
T,61,25
T,62,10
T,63,15
T,64,15
T,65,9
T,66,9
T,67,4
T,68,49
T,69,7
T,70,9
T,71,24
T,72,9
T,73,4
T,74,10
T,75,10
T,76,11
T,77,7
T,78,26
T,79,9
T,81,12
T,82,4
T,83,10
T,84,28
T,85,32
T,86,1
T,87,20
T,88,1
T,89,16
T,90,4
T,91,6
T,92,4
T,94,2
T,95,2
T,96,2
T,97,5
T,98,12
T,99,2
T,100,1
T,101,4
T,102,12
T,104,6
T,105,3
T,106,2
T,107,10
T,109,4
T,110,2
T,111,2
T,113,5
T,114,4
T,115,1
T,117,2
T,118,6
T,119,6
T,120,2
T,121,1
T,122,1
T,123,5
T,124,10
T,125,2
T,127,1
T,128,1
T,129,14
T,130,1
T,132,3
T,133,1
T,134,1
T,135,4
T,136,9
T,138,9
T,139,12
T,140,7
T,141,46
T,142,12
T,143,2
T,146,5
T,147,25
T,148,7
T,150,6
T,152,5
T,156,6
T,159,10
T,182,1
T,183,1
T,186,1
T,187,1
T,192,7
T,193,7
T,194,1
T,198,1
T,205,18
T,209,7
T,211,36
T,212,9
T,213,45
T,219,27
U,0,338
U,1,1045
U,2,620
U,3,599
U,4,559
U,5,389
U,6,374
U,7,367
U,8,366
U,9,200
U,10,228
U,11,188
U,12,132
U,13,180
U,14,194
U,15,174
U,16,149
U,17,123
U,18,132
U,19,103
U,20,97
U,21,115
U,22,97
U,23,63
U,24,89
U,25,74
U,26,55
U,27,83
U,28,92
U,29,79
U,30,52
U,31,58
U,32,53
U,33,49
U,34,32
U,35,52
U,36,33
U,37,41
U,38,49
U,39,29
U,40,37
U,41,27
U,42,29
U,43,32
U,44,16
U,45,32
U,46,40
U,47,26
U,48,20
U,49,11
U,50,17
U,51,12
U,52,13
U,53,16
U,54,14
U,55,17
U,56,11
U,57,14
U,58,8
U,59,18
U,60,9
U,61,13
U,62,10
U,63,8
U,64,10
U,65,5
U,66,5
U,67,3
U,68,7
U,69,8
U,70,6
U,71,11
U,72,10
U,73,3
U,74,5
U,75,5
U,76,5
U,77,3
U,78,5
U,79,5
U,80,5
U,81,11
U,82,2
U,83,3
U,84,6
U,85,7
U,86,1
U,87,13
U,88,5
U,89,7
U,90,1
U,91,3
U,94,1
U,95,1
U,96,1
U,97,1
U,98,3
U,99,1
U,100,2
U,101,2
U,102,4
U,104,1
U,107,4
U,108,1
U,109,7
U,110,1
U,111,1
U,113,1
U,115,3
U,117,2
U,118,1
U,119,4
U,120,2
U,121,1
U,122,1
U,123,1
U,125,1
U,128,3
U,129,4
U,132,2
U,133,2
U,134,1
U,135,2
U,136,3
U,138,2
U,140,1
U,141,6
U,143,1
U,146,1
U,147,7
U,148,2
U,150,3
U,151,1
U,152,1
U,155,7
U,156,4
U,159,2
U,163,1
U,172,1
U,180,2
U,181,3
U,182,1
U,183,1
U,186,1
U,187,1
U,188,1
U,191,3
U,192,1
U,193,1
U,194,1
U,197,1
U,198,1
U,204,3
U,205,2
U,209,1
U,211,6
U,212,1
U,213,5
U,214,1
U,215,3
U,219,3
U,231,1
U,232,1
U,245,1
U,261,3
U,262,3
V,0,10
V,1,53
V,2,13
V,3,19
V,4,21
V,5,8
V,6,7
V,7,6
V,8,3
V,9,5
V,10,5
V,13,1
V,14,1
V,15,3
V,16,1
V,17,1
V,18,3
V,19,1
V,21,2
V,23,1
V,24,3
V,31,3
W,0,54
W,1,383
W,2,109
W,3,98
W,4,85
W,5,46
W,6,82
W,7,67
W,8,85
W,9,42
W,10,60
W,11,41
W,12,20
W,13,26
W,14,27
W,15,29
W,16,31
W,17,40
W,18,37
W,19,29
W,20,29
W,21,29
W,22,13
W,23,21
W,24,23
W,25,41
W,26,9
W,27,39
W,28,24
W,29,26
W,30,21
W,31,17
W,32,18
W,33,16
W,34,19
W,35,13
W,36,8
W,37,9
W,38,10
W,39,3
W,40,5
W,41,6
W,42,9
W,43,12
W,44,4
W,45,11
W,46,5
W,47,3
W,48,1
W,50,13
W,51,2
W,52,9
W,53,5
W,54,5
W,55,5
W,56,6
W,57,6
W,58,4
W,59,4
W,60,1
W,61,2
W,62,2
W,64,5
W,70,2
W,71,2
W,72,2
W,74,4
W,78,1
W,79,3
W,81,3
W,83,2
W,84,5
W,85,1
W,87,2
W,93,1
W,97,1
W,98,4
W,104,1
W,107,1
W,111,1
W,118,1
W,119,3
W,120,1
W,125,1
W,128,2
W,147,1
W,148,2
W,151,1
W,163,1
W,172,1
W,180,2
W,181,3
W,186,1
W,187,1
W,192,2
W,193,2
W,194,1
W,198,1
W,209,2
X,0,13
X,1,151
X,2,40
X,3,28
X,4,37
X,5,11
X,6,3
X,7,9
X,8,11
X,9,16
X,10,14
X,11,12
X,12,5
X,13,15
X,14,19
X,15,15
X,16,1
X,17,10
X,18,5
X,19,8
X,20,3
X,21,12
X,22,29
X,23,3
X,24,1
X,26,2
X,27,1
X,28,10
X,29,7
X,30,11
X,31,4
X,32,1
X,33,6
X,35,1
X,36,2
X,37,5
X,38,8
X,39,8
X,40,11
X,41,3
X,43,5
X,44,2
X,45,9
X,46,10
X,47,2
X,50,1
X,51,1
X,52,2
X,53,4
X,54,2
X,56,3
X,58,2
X,59,10
X,60,2
X,62,1
X,71,2
X,76,1
X,78,4
X,83,1
X,85,4
X,90,1
X,101,1
X,104,1
X,107,2
X,113,1
X,129,3
X,136,2
X,205,2
X,211,4
X,212,1
X,213,5
X,219,3
Y,0,70
Y,1,533
Y,2,190
Y,3,170
Y,4,97
Y,5,103
Y,6,104
Y,7,116
Y,8,99
Y,9,102
Y,10,89
Y,11,73
Y,12,57
Y,13,71
Y,14,52
Y,15,84
Y,16,82
Y,17,95
Y,18,63
Y,19,77
Y,20,57
Y,21,84
Y,22,45
Y,23,38
Y,24,42
Y,25,58
Y,26,24
Y,27,54
Y,28,44
Y,29,81
Y,30,79
Y,31,47
Y,32,31
Y,33,56
Y,34,31
Y,35,41
Y,36,23
Y,37,41
Y,38,42
Y,39,12
Y,40,24
Y,41,23
Y,42,60
Y,43,21
Y,44,12
Y,45,33
Y,46,41
Y,47,24
Y,48,17
Y,49,8
Y,50,16
Y,51,16
Y,52,22
Y,53,3
Y,54,15
Y,55,22
Y,56,17
Y,57,8
Y,58,17
Y,59,33
Y,60,7
Y,61,15
Y,62,8
Y,63,8
Y,64,10
Y,65,4
Y,66,7
Y,67,6
Y,68,13
Y,70,6
Y,71,7
Y,72,4
Y,73,1
Y,74,6
Y,75,6
Y,76,5
Y,77,2
Y,78,7
Y,79,6
Y,81,14
Y,82,4
Y,83,3
Y,84,21
Y,85,4
Y,87,8
Y,89,5
Y,91,4
Y,97,2
Y,98,1
Y,102,1
Y,105,2
Y,109,8
Y,110,2
Y,118,6
Y,123,1
Y,124,15
Y,128,2
Y,134,1
Y,136,1
Y,138,3
Y,139,18
Y,140,4
Y,141,30
Y,146,1
Y,147,6
Y,148,2
Y,150,2
Y,151,3
Y,152,1
Y,159,2
Y,163,3
Y,172,3
Y,180,6
Y,181,9
Y,182,1
Y,183,1
Y,192,2
Y,193,2
Y,209,2
Z,0,1367
Z,1,9047
Z,2,5146
Z,3,6140
Z,4,4156
Z,5,2382
Z,6,2134
Z,7,2401
Z,8,1861
Z,9,1257
Z,10,1339
Z,11,1113
Z,12,782
Z,13,1049
Z,14,1166
Z,15,1006
Z,16,731
Z,17,743
Z,18,751
Z,19,594
Z,20,583
Z,21,684
Z,22,375
Z,23,361
Z,24,410
Z,25,346
Z,26,319
Z,27,403
Z,28,454
Z,29,453
Z,30,315
Z,31,268
Z,32,340
Z,33,264
Z,34,222
Z,35,399
Z,36,189
Z,37,215
Z,38,270
Z,39,212
Z,40,168
Z,41,183
Z,42,277
Z,43,271
Z,44,126
Z,45,308
Z,46,186
Z,47,198
Z,48,121
Z,49,55
Z,50,158
Z,51,99
Z,52,91
Z,53,132
Z,54,64
Z,55,96
Z,56,84
Z,57,109
Z,58,66
Z,59,98
Z,60,89
Z,61,99
Z,62,65
Z,63,66
Z,64,65
Z,65,42
Z,66,26
Z,67,41
Z,68,60
Z,69,24
Z,70,48
Z,71,37
Z,72,42
Z,73,13
Z,74,50
Z,75,44
Z,76,37
Z,77,31
Z,78,42
Z,79,42
Z,80,42
Z,81,64
Z,82,13
Z,83,15
Z,84,72
Z,85,50
Z,86,8
Z,87,49
Z,88,14
Z,89,52
Z,90,4
Z,91,18
Z,92,11
Z,93,3
Z,94,6
Z,95,9
Z,96,9
Z,97,13
Z,98,40
Z,99,13
Z,100,20
Z,101,10
Z,102,33
Z,103,2
Z,104,12
Z,105,9
Z,106,4
Z,107,21
Z,108,3
Z,109,24
Z,110,4
Z,111,12
Z,112,1
Z,113,16
Z,114,18
Z,115,26
Z,117,12
Z,118,31
Z,119,36
Z,120,13
Z,121,4
Z,122,4
Z,123,10
Z,124,50
Z,125,11
Z,127,6
Z,128,12
Z,129,20
Z,130,6
Z,131,6
Z,132,6
Z,133,20
Z,134,57
Z,135,16
Z,136,21
Z,137,2
Z,138,32
Z,139,60
Z,140,24
Z,141,140
Z,142,24
Z,143,8
Z,146,10
Z,147,58
Z,148,8
Z,150,25
Z,151,1
Z,152,10
Z,154,2
Z,155,14
Z,156,27
Z,159,20
Z,163,1
Z,166,3
Z,171,5
Z,172,1
Z,174,3
Z,180,2
Z,181,3
Z,182,13
Z,183,13
Z,184,3
Z,186,12
Z,187,3
Z,188,3
Z,191,10
Z,192,6
Z,193,6
Z,194,3
Z,197,4
Z,198,3
Z,204,9
Z,205,6
Z,209,6
Z,211,20
Z,212,3
Z,213,20
Z,214,4
Z,215,12
Z,219,9
Z,224,15
Z,231,4
Z,232,4
Z,245,4
Z,261,12
Z,262,12
